Registrado,LÃ­nea,Texto breve de material,Ctd.total reg.,    Valor var.
2020-07,Pintado 1 UNI,0021-UNIVERSAL PRIMER,449.25,3054.9
2020-07,Pintado 1 UNI,0023-CLEAR EPOXICO P/ESPUMA,414.0,1708.9199999999998
2020-07,Pintado 1 UNI,0028-CLEAR P/ESPUMA,5076.0,18908.22
2020-07,Pintado 1 UNI,0038-PRIMER 917,511.25,3225.9900000000002
2020-07,Pintado 1 UNI,0079-BECKRYPRIM 246,4884.0,27399.24
2020-07,Pintado 1 UNI,0102-BLANCO STD,3376.0,16100.51
2020-07,Pintado 1 UNI,0400-GRIS FONDO,3696.0,16784.47
2020-07,Pintado 1 UNI,0404-GRIS FONDO MC,1490.0,8105.6
2020-07,Pintado 1 UNI,0435-APOLLO GRAY KRYSTAL KOTE,2368.0,21975.04
2020-07,Pintado 1 UNI,0601-VERDE PRIMSA,9515.0,35205.5
2020-07,Pintado 2 UNI,0021-UNIVERSAL PRIMER,4527.671,30788.190000000002
2020-07,Pintado 2 UNI,0023-CLEAR EPOXICO P/ESPUMA,936.0,3881.88
2020-07,Pintado 2 UNI,0028-CLEAR P/ESPUMA,4103.0,15789.63
2020-07,Pintado 2 UNI,0038-PRIMER 917,1191.017,7515.3099999999995
2020-07,Pintado 2 UNI,0079-BECKRYPRIM 246,2560.0,14361.6
2020-07,Pintado 2 UNI,0102-BLANCO STD,5238.0,25058.73
2020-07,Pintado 2 UNI,0104-BLANCO SUPERMATIC,4864.738,27972.32
2020-07,Pintado 2 UNI,0400-GRIS FONDO,2014.0,9002.58
2020-07,Pintado 2 UNI,0404-GRIS FONDO MC,87.0,473.28000000000003
2020-07,Pintado 2 UNI,0601-VERDE PRIMSA,10186.0,37688.2
2020-08,Pintado 1 UNI,0021-UNIVERSAL PRIMER,118.267,804.22
2020-08,Pintado 1 UNI,0023-CLEAR EPOXICO P/ESPUMA,1275.0,5284.95
2020-08,Pintado 1 UNI,0028-CLEAR P/ESPUMA,7580.0,28643.55
2020-08,Pintado 1 UNI,0038-PRIMER 917,911.534,5751.77
2020-08,Pintado 1 UNI,0079-BECKRYPRIM 246,5541.0,31085.01
2020-08,Pintado 1 UNI,0102-BLANCO STD,6940.0,33221.6
2020-08,Pintado 1 UNI,0400-GRIS FONDO,3500.0,15925.6
2020-08,Pintado 1 UNI,0404-GRIS FONDO MC,505.0,2747.2
2020-08,Pintado 1 UNI,0435-APOLLO GRAY KRYSTAL KOTE,4205.0,39022.4
2020-08,Pintado 1 UNI,0601-VERDE PRIMSA,5658.0,20934.6
2020-08,Pintado 2 UNI,0021-UNIVERSAL PRIMER,5242.9039999999995,35651.78
2020-08,Pintado 2 UNI,0023-CLEAR EPOXICO P/ESPUMA,745.0,3105.1
2020-08,Pintado 2 UNI,0028-CLEAR P/ESPUMA,8826.0,33022.23
2020-08,Pintado 2 UNI,0079-BECKRYPRIM 246,1130.0,6339.3
2020-08,Pintado 2 UNI,0102-BLANCO STD,1190.0,5700.1
2020-08,Pintado 2 UNI,0104-BLANCO SUPERMATIC,4776.517,27465.02
2020-08,Pintado 2 UNI,0400-GRIS FONDO,705.0,3151.35
2020-08,Pintado 2 UNI,0435-APOLLO GRAY KRYSTAL KOTE,7235.0,67140.8
2020-08,Pintado 2 UNI,0601-VERDE PRIMSA,8082.0,29903.4
2020-09,Pintado 1 UNI,0021-UNIVERSAL PRIMER,123.5,839.8
2020-09,Pintado 1 UNI,0023-CLEAR EPOXICO P/ESPUMA,1110.0,4621.8
2020-09,Pintado 1 UNI,0028-CLEAR P/ESPUMA,6912.0,28727.46
2020-09,Pintado 1 UNI,0038-PRIMER 917,272.784,1721.26
2020-09,Pintado 1 UNI,0079-BECKRYPRIM 246,4450.0,24964.5
2020-09,Pintado 1 UNI,0102-BLANCO STD,1700.0,8143.0
2020-09,Pintado 1 UNI,0400-GRIS FONDO,1850.0,8317.8
2020-09,Pintado 1 UNI,0404-GRIS FONDO MC,45.0,244.8
2020-09,Pintado 1 UNI,0435-APOLLO GRAY KRYSTAL KOTE,8267.0,26034.467831983788
2020-09,Pintado 1 UNI,0601-VERDE PRIMSA,3930.0,14541.0
2020-09,Pintado 2 UNI,0021-UNIVERSAL PRIMER,7165.688,48726.71
2020-09,Pintado 2 UNI,0023-CLEAR EPOXICO P/ESPUMA,320.0,1337.6
2020-09,Pintado 2 UNI,0028-CLEAR P/ESPUMA,5146.0,21100.97
2020-09,Pintado 2 UNI,0038-PRIMER 917,59.267,373.97
2020-09,Pintado 2 UNI,0079-BECKRYPRIM 246,120.0,673.2
2020-09,Pintado 2 UNI,0102-BLANCO STD,400.0,1916.0
2020-09,Pintado 2 UNI,0104-BLANCO SUPERMATIC,3505.5,20156.65
2020-09,Pintado 2 UNI,0400-GRIS FONDO,120.0,536.4
2020-09,Pintado 2 UNI,0435-APOLLO GRAY KRYSTAL KOTE,1820.0,16889.6
2020-09,Pintado 2 UNI,0601-VERDE PRIMSA,6005.0,22218.5
2020-10,Pintado 1 UNI,0021-UNIVERSAL PRIMER,146.75,997.9
2020-10,Pintado 1 UNI,0023-CLEAR EPOXICO P/ESPUMA,1970.0,8234.6
2020-10,Pintado 1 UNI,0028-CLEAR P/ESPUMA,4015.0,16767.45
2020-10,Pintado 1 UNI,0038-PRIMER 917,187.784,1184.92
2020-10,Pintado 1 UNI,0079-BECKRYPRIM 246,5420.0,30406.2
2020-10,Pintado 1 UNI,0102-BLANCO STD,5650.0,27018.8
2020-10,Pintado 1 UNI,0400-GRIS FONDO,1810.0,8148.2
2020-10,Pintado 1 UNI,0404-GRIS FONDO MC,485.0,2638.4
2020-10,Pintado 1 UNI,0435-APOLLO GRAY KRYSTAL KOTE,5121.0,47522.88
2020-10,Pintado 1 UNI,0601-VERDE PRIMSA,6560.0,24272.0
2020-10,Pintado 2 UNI,0021-UNIVERSAL PRIMER,9433.533,64148.05
2020-10,Pintado 2 UNI,0023-CLEAR EPOXICO P/ESPUMA,1110.0,4639.8
2020-10,Pintado 2 UNI,0028-CLEAR P/ESPUMA,4890.0,20275.5
2020-10,Pintado 2 UNI,0038-PRIMER 917,345.0,2176.95
2020-10,Pintado 2 UNI,0079-BECKRYPRIM 246,795.0,4459.95
2020-10,Pintado 2 UNI,0102-BLANCO STD,6800.0,32406.100000000002
2020-10,Pintado 2 UNI,0104-BLANCO SUPERMATIC,4444.0,25553.01
2020-10,Pintado 2 UNI,0400-GRIS FONDO,2590.0,11911.95
2020-10,Pintado 2 UNI,0404-GRIS FONDO MC,130.0,707.1999999999999
2020-10,Pintado 2 UNI,0435-APOLLO GRAY KRYSTAL KOTE,940.0,8723.2
2020-10,Pintado 2 UNI,0601-VERDE PRIMSA,6265.0,23180.5
2020-11,Pintado 1 UNI,0021-UNIVERSAL PRIMER,24.0,163.2
2020-11,Pintado 1 UNI,0023-CLEAR EPOXICO P/ESPUMA,1699.0,7084.72
2020-11,Pintado 1 UNI,0028-CLEAR P/ESPUMA,2830.0,11051.65
2020-11,Pintado 1 UNI,0038-PRIMER 917,95.034,599.6700000000001
2020-11,Pintado 1 UNI,0079-BECKRYPRIM 246,5880.0,32986.8
2020-11,Pintado 1 UNI,0102-BLANCO STD,11565.0,55222.35
2020-11,Pintado 1 UNI,0400-GRIS FONDO,4720.0,21742.4
2020-11,Pintado 1 UNI,0404-GRIS FONDO MC,375.0,2040.0
2020-11,Pintado 1 UNI,0435-APOLLO GRAY KRYSTAL KOTE,4614.0,42817.92
2020-11,Pintado 1 UNI,0601-VERDE PRIMSA,7961.0,29455.7
2020-11,Pintado 2 UNI,0021-UNIVERSAL PRIMER,3462.784,23546.94
2020-11,Pintado 2 UNI,0023-CLEAR EPOXICO P/ESPUMA,1851.0,7737.18
2020-11,Pintado 2 UNI,0028-CLEAR P/ESPUMA,4725.0,19399.75
2020-11,Pintado 2 UNI,0038-PRIMER 917,40.0,252.4
2020-11,Pintado 2 UNI,0079-BECKRYPRIM 246,3380.0,18961.8
2020-11,Pintado 2 UNI,0102-BLANCO STD,8735.0,41840.65
2020-11,Pintado 2 UNI,0104-BLANCO SUPERMATIC,2054.255,11811.97
2020-11,Pintado 2 UNI,0400-GRIS FONDO,3710.0,16590.6
2020-11,Pintado 2 UNI,0404-GRIS FONDO MC,1300.0,7072.0
2020-11,Pintado 2 UNI,0435-APOLLO GRAY KRYSTAL KOTE,4930.0,45750.4
2020-11,Pintado 2 UNI,0601-VERDE PRIMSA,6838.0,25300.6
2020-12,Pintado 1 UNI,0021-UNIVERSAL PRIMER,28.25,192.1
2020-12,Pintado 1 UNI,0023-CLEAR EPOXICO P/ESPUMA,815.0,3397.25
2020-12,Pintado 1 UNI,0028-CLEAR P/ESPUMA,2844.0,10979.63
2020-12,Pintado 1 UNI,0038-PRIMER 917,722.75,4560.56
2020-12,Pintado 1 UNI,0079-BECKRYPRIM 246,7930.0,44487.3
2020-12,Pintado 1 UNI,0102-BLANCO STD,4298.121785575488,26034.467831983788
2020-12,Pintado 1 UNI,0400-GRIS FONDO,7875.0,35828.0
2020-12,Pintado 1 UNI,0404-GRIS FONDO MC,620.0,3372.8
2020-12,Pintado 1 UNI,0601-VERDE PRIMSA,8105.0,29988.5
2020-12,Pintado 2 UNI,0021-UNIVERSAL PRIMER,4665.233,31723.58
2020-12,Pintado 2 UNI,0023-CLEAR EPOXICO P/ESPUMA,2650.0,11077.0
2020-12,Pintado 2 UNI,0028-CLEAR P/ESPUMA,5690.0,22908.85
2020-12,Pintado 2 UNI,0038-PRIMER 917,335.0,2113.85
2020-12,Pintado 2 UNI,0079-BECKRYPRIM 246,3750.0,21037.5
2020-12,Pintado 2 UNI,0102-BLANCO STD,4298.121785575488,26034.467831983788
2020-12,Pintado 2 UNI,0104-BLANCO SUPERMATIC,3596.25,20678.47
2020-12,Pintado 2 UNI,0400-GRIS FONDO,6660.0,30148.55
2020-12,Pintado 2 UNI,0404-GRIS FONDO MC,465.0,2529.6
2020-12,Pintado 2 UNI,0435-APOLLO GRAY KRYSTAL KOTE,3848.0,35709.44
2020-12,Pintado 2 UNI,0601-VERDE PRIMSA,11880.0,43956.0
2021-01,Pintado 1 UNI,0021-UNIVERSAL PRIMER,467.75,3208.77
2021-01,Pintado 1 UNI,0023-CLEAR EPOXICO P/ESPUMA,320.0,1324.8
2021-01,Pintado 1 UNI,0028-CLEAR P/ESPUMA,5050.0,19991.2
2021-01,Pintado 1 UNI,0038-PRIMER 917,392.767,2498.0
2021-01,Pintado 1 UNI,0079-BECKRYPRIM 246,6150.0,34132.5
2021-01,Pintado 1 UNI,0102-BLANCO STD,10030.0,45952.7
2021-01,Pintado 1 UNI,0400-GRIS FONDO,7000.0,31923.75
2021-01,Pintado 1 UNI,0404-GRIS FONDO MC,80.0,413.6
2021-01,Pintado 1 UNI,0435-APOLLO GRAY KRYSTAL KOTE,3840.0,37516.8
2021-01,Pintado 1 UNI,0601-VERDE PRIMSA,10030.0,36121.4
2021-01,Pintado 2 UNI,0021-UNIVERSAL PRIMER,4482.75,30751.72
2021-01,Pintado 2 UNI,0023-CLEAR EPOXICO P/ESPUMA,1825.0,7555.5
2021-01,Pintado 2 UNI,0028-CLEAR P/ESPUMA,8563.0,34378.08
2021-01,Pintado 2 UNI,0038-PRIMER 917,38.5,244.86
2021-01,Pintado 2 UNI,0079-BECKRYPRIM 246,2330.0,12931.5
2021-01,Pintado 2 UNI,0102-BLANCO STD,10960.0,50842.6
2021-01,Pintado 2 UNI,0104-BLANCO SUPERMATIC,8837.23,49665.45
2021-01,Pintado 2 UNI,0400-GRIS FONDO,3425.0,15588.75
2021-01,Pintado 2 UNI,0404-GRIS FONDO MC,1070.0,5531.9
2021-01,Pintado 2 UNI,0435-APOLLO GRAY KRYSTAL KOTE,5055.0,49387.35
2021-01,Pintado 2 UNI,0601-VERDE PRIMSA,8965.0,32563.7
2021-02,Pintado 1 UNI,0021-UNIVERSAL PRIMER,641.25,4399.0
2021-02,Pintado 1 UNI,0023-CLEAR EPOXICO P/ESPUMA,1985.0,8217.9
2021-02,Pintado 1 UNI,0028-CLEAR P/ESPUMA,3555.0,14149.6
2021-02,Pintado 1 UNI,0038-PRIMER 917,392.77,2498.02
2021-02,Pintado 1 UNI,0079-BECKRYPRIM 246,7160.0,39738.0
2021-02,Pintado 1 UNI,0102-BLANCO STD,12875.0,60233.05
2021-02,Pintado 1 UNI,0400-GRIS FONDO,6870.0,31916.75
2021-02,Pintado 1 UNI,0404-GRIS FONDO MC,520.0,2688.4
2021-02,Pintado 1 UNI,0435-APOLLO GRAY KRYSTAL KOTE,3920.0,38298.4
2021-02,Pintado 1 UNI,0601-VERDE PRIMSA,7700.0,28100.0
2021-02,Pintado 2 UNI,0021-UNIVERSAL PRIMER,6410.25,43974.48
2021-02,Pintado 2 UNI,0023-CLEAR EPOXICO P/ESPUMA,3265.0,13517.1
2021-02,Pintado 2 UNI,0028-CLEAR P/ESPUMA,6665.0,27310.0
2021-02,Pintado 2 UNI,0038-PRIMER 917,55.0,349.8
2021-02,Pintado 2 UNI,0079-BECKRYPRIM 246,5925.0,32883.75
2021-02,Pintado 2 UNI,0102-BLANCO STD,4298.121785575488,65359.55
2021-02,Pintado 2 UNI,0104-BLANCO SUPERMATIC,7210.05,40520.67
2021-02,Pintado 2 UNI,0400-GRIS FONDO,4420.0,20553.0
2021-02,Pintado 2 UNI,0404-GRIS FONDO MC,3043.0,15732.31
2021-02,Pintado 2 UNI,0435-APOLLO GRAY KRYSTAL KOTE,3100.0,30287.0
2021-02,Pintado 2 UNI,0601-VERDE PRIMSA,5984.0,21647.92
2021-03,Pintado 1 UNI,0021-UNIVERSAL PRIMER,944.0,6475.88
2021-03,Pintado 1 UNI,0023-CLEAR EPOXICO P/ESPUMA,5038.0,23607.170000000002
2021-03,Pintado 1 UNI,0028-CLEAR P/ESPUMA,8784.96,35953.04
2021-03,Pintado 1 UNI,0038-PRIMER 917,1326.25,8434.95
2021-03,Pintado 1 UNI,0079-BECKRYPRIM 246,6295.0,34937.25
2021-03,Pintado 1 UNI,0102-BLANCO STD,9713.0,45840.69
2021-03,Pintado 1 UNI,0400-GRIS FONDO,5791.487,26845.74
2021-03,Pintado 1 UNI,0404-GRIS FONDO MC,720.0,3722.4
2021-03,Pintado 1 UNI,0435-APOLLO GRAY KRYSTAL KOTE,10780.0,26034.467831983788
2021-03,Pintado 1 UNI,0601-VERDE PRIMSA,4475.0,16463.5
2021-03,Pintado 2 UNI,0021-UNIVERSAL PRIMER,6166.0,42298.92
2021-03,Pintado 2 UNI,0023-CLEAR EPOXICO P/ESPUMA,2603.5,11475.34
2021-03,Pintado 2 UNI,0028-CLEAR P/ESPUMA,12401.0,47614.24
2021-03,Pintado 2 UNI,0038-PRIMER 917,937.0,5959.32
2021-03,Pintado 2 UNI,0079-BECKRYPRIM 246,1765.0,9795.75
2021-03,Pintado 2 UNI,0102-BLANCO STD,10369.045,51971.97
2021-03,Pintado 2 UNI,0104-BLANCO SUPERMATIC,4298.121785575488,26034.467831983788
2021-03,Pintado 2 UNI,0400-GRIS FONDO,2530.75,11802.7
2021-03,Pintado 2 UNI,0404-GRIS FONDO MC,1915.0,9900.55
2021-03,Pintado 2 UNI,0435-APOLLO GRAY KRYSTAL KOTE,2800.0,27356.0
2021-03,Pintado 2 UNI,0601-VERDE PRIMSA,6290.0,23038.2
2021-04,Pintado 1 UNI,0021-UNIVERSAL PRIMER,38.5,264.12
2021-04,Pintado 1 UNI,0023-CLEAR EPOXICO P/ESPUMA,6557.5,27534.48
2021-04,Pintado 1 UNI,0028-CLEAR P/ESPUMA,3425.0,14120.6
2021-04,Pintado 1 UNI,0038-PRIMER 917,815.5,5186.58
2021-04,Pintado 1 UNI,0079-BECKRYPRIM 246,4755.0,26390.25
2021-04,Pintado 1 UNI,0102-BLANCO STD,4298.121785575488,63733.65
2021-04,Pintado 1 UNI,0400-GRIS FONDO,7035.0,31866.5
2021-04,Pintado 1 UNI,0404-GRIS FONDO MC,4523.0,23383.91
2021-04,Pintado 1 UNI,0435-APOLLO GRAY KRYSTAL KOTE,4990.0,48752.3
2021-04,Pintado 1 UNI,0601-VERDE PRIMSA,4655.0,17223.9
2021-04,Pintado 2 UNI,0021-UNIVERSAL PRIMER,9227.75,63302.58
2021-04,Pintado 2 UNI,0023-CLEAR EPOXICO P/ESPUMA,7670.0,31830.5
2021-04,Pintado 2 UNI,0028-CLEAR P/ESPUMA,5544.98,22512.22
2021-04,Pintado 2 UNI,0079-BECKRYPRIM 246,3635.0,20174.25
2021-04,Pintado 2 UNI,0102-BLANCO STD,4298.121785575488,26034.467831983788
2021-04,Pintado 2 UNI,0104-BLANCO SUPERMATIC,8279.0,47201.54
2021-04,Pintado 2 UNI,0400-GRIS FONDO,4150.0,19015.0
2021-04,Pintado 2 UNI,0404-GRIS FONDO MC,467.0,2414.39
2021-04,Pintado 2 UNI,0435-APOLLO GRAY KRYSTAL KOTE,4510.0,44062.7
2021-04,Pintado 2 UNI,0601-VERDE PRIMSA,5355.0,18897.9
2021-05,Pintado 1 UNI,0021-UNIVERSAL PRIMER,452.75,3105.88
2021-05,Pintado 1 UNI,0023-CLEAR EPOXICO P/ESPUMA,2282.75,10367.21
2021-05,Pintado 1 UNI,0028-CLEAR P/ESPUMA,4258.578,17597.8
2021-05,Pintado 1 UNI,0038-PRIMER 917,2117.5,13467.3
2021-05,Pintado 1 UNI,0079-BECKRYPRIM 246,1920.0,10656.0
2021-05,Pintado 1 UNI,0102-BLANCO STD,11195.0,50201.95
2021-05,Pintado 1 UNI,0400-GRIS FONDO,7422.0,34384.65
2021-05,Pintado 1 UNI,0404-GRIS FONDO MC,2590.0,13390.3
2021-05,Pintado 1 UNI,0435-APOLLO GRAY KRYSTAL KOTE,4785.0,46749.45
2021-05,Pintado 1 UNI,0601-VERDE PRIMSA,6400.0,22786.0
2021-05,Pintado 2 UNI,0021-UNIVERSAL PRIMER,6404.5,43935.04
2021-05,Pintado 2 UNI,0023-CLEAR EPOXICO P/ESPUMA,2118.0860000000002,10889.34
2021-05,Pintado 2 UNI,0028-CLEAR P/ESPUMA,7569.25,30653.24
2021-05,Pintado 2 UNI,0038-PRIMER 917,1973.25,12549.87
2021-05,Pintado 2 UNI,0079-BECKRYPRIM 246,1360.0,7548.0
2021-05,Pintado 2 UNI,0102-BLANCO STD,9070.0,40740.6
2021-05,Pintado 2 UNI,0104-BLANCO SUPERMATIC,5890.0,35634.5
2021-05,Pintado 2 UNI,0400-GRIS FONDO,5279.5,25392.5
2021-05,Pintado 2 UNI,0404-GRIS FONDO MC,404.0,2088.68
2021-05,Pintado 2 UNI,0435-APOLLO GRAY KRYSTAL KOTE,2235.0,21835.95
2021-05,Pintado 2 UNI,0601-VERDE PRIMSA,5465.0,20085.7
2021-06,Pintado 1 UNI,0021-UNIVERSAL PRIMER,512.0,3512.34
2021-06,Pintado 1 UNI,0023-CLEAR EPOXICO P/ESPUMA,2191.75,11353.32
2021-06,Pintado 1 UNI,0028-CLEAR P/ESPUMA,8000.197,32193.1
2021-06,Pintado 1 UNI,0038-PRIMER 917,1413.491,8989.8
2021-06,Pintado 1 UNI,0079-BECKRYPRIM 246,825.0,4578.75
2021-06,Pintado 1 UNI,0102-BLANCO STD,7138.0,35014.82
2021-06,Pintado 1 UNI,0400-GRIS FONDO,5575.559,24934.05
2021-06,Pintado 1 UNI,0404-GRIS FONDO MC,952.0,4921.84
2021-06,Pintado 1 UNI,0435-APOLLO GRAY KRYSTAL KOTE,7362.0,26034.467831983788
2021-06,Pintado 1 UNI,0601-VERDE PRIMSA,4635.0,16748.3
2021-06,Pintado 2 UNI,0021-UNIVERSAL PRIMER,3440.75,23603.64
2021-06,Pintado 2 UNI,0028-CLEAR P/ESPUMA,4350.801,17683.87
2021-06,Pintado 2 UNI,0038-PRIMER 917,2175.742,13837.720000000001
2021-06,Pintado 2 UNI,0079-BECKRYPRIM 246,520.0,2886.0
2021-06,Pintado 2 UNI,0102-BLANCO STD,5915.86,29655.72
2021-06,Pintado 2 UNI,0104-BLANCO SUPERMATIC,7269.5,42798.26
2021-06,Pintado 2 UNI,0400-GRIS FONDO,3224.0,15094.0
2021-06,Pintado 2 UNI,0404-GRIS FONDO MC,2960.0,15303.2
2021-06,Pintado 2 UNI,0601-VERDE PRIMSA,6085.0,22187.3
2021-07,Pintado 1 UNI,0021-UNIVERSAL PRIMER,481.25,3599.75
2021-07,Pintado 1 UNI,0023-CLEAR EPOXICO P/ESPUMA,2679.25,12991.58
2021-07,Pintado 1 UNI,0028-CLEAR P/ESPUMA,4779.267,22295.829999999998
2021-07,Pintado 1 UNI,0038-PRIMER 917,4552.0,31545.3
2021-07,Pintado 1 UNI,0079-BECKRYPRIM 246,6390.0,41982.3
2021-07,Pintado 1 UNI,0102-BLANCO STD,4298.121785575488,26034.467831983788
2021-07,Pintado 1 UNI,0400-GRIS FONDO,4298.121785575488,71219.0
2021-07,Pintado 1 UNI,0404-GRIS FONDO MC,5152.0,28851.2
2021-07,Pintado 1 UNI,0435-APOLLO GRAY KRYSTAL KOTE,2191.0,23377.97
2021-07,Pintado 1 UNI,0601-VERDE PRIMSA,5880.0,22185.95
2021-07,Pintado 2 UNI,0021-UNIVERSAL PRIMER,6995.25,52324.47
2021-07,Pintado 2 UNI,0023-CLEAR EPOXICO P/ESPUMA,623.25,2976.07
2021-07,Pintado 2 UNI,0028-CLEAR P/ESPUMA,3779.0,17165.38
2021-07,Pintado 2 UNI,0038-PRIMER 917,473.5,3281.35
2021-07,Pintado 2 UNI,0079-BECKRYPRIM 246,1420.0,9329.4
2021-07,Pintado 2 UNI,0102-BLANCO STD,10459.0,56165.58
2021-07,Pintado 2 UNI,0104-BLANCO SUPERMATIC,2599.0,16500.55
2021-07,Pintado 2 UNI,0400-GRIS FONDO,5163.5,25454.7
2021-07,Pintado 2 UNI,0435-APOLLO GRAY KRYSTAL KOTE,155.0,1653.85
2021-07,Pintado 2 UNI,0601-VERDE PRIMSA,7130.0,27350.1
2021-08,Pintado 1 UNI,0021-UNIVERSAL PRIMER,745.25,5574.47
2021-08,Pintado 1 UNI,0023-CLEAR EPOXICO P/ESPUMA,3230.0,15051.8
2021-08,Pintado 1 UNI,0028-CLEAR P/ESPUMA,11197.47,48238.02
2021-08,Pintado 1 UNI,0038-PRIMER 917,1500.0,10394.98
2021-08,Pintado 1 UNI,0079-BECKRYPRIM 246,3750.0,24637.5
2021-08,Pintado 1 UNI,0102-BLANCO STD,2490.0,15238.8
2021-08,Pintado 1 UNI,0400-GRIS FONDO,4347.0,24771.0
2021-08,Pintado 1 UNI,0404-GRIS FONDO MC,200.0,1120.0
2021-08,Pintado 1 UNI,0435-APOLLO GRAY KRYSTAL KOTE,8724.0,26034.467831983788
2021-08,Pintado 1 UNI,0601-VERDE PRIMSA,9330.0,35412.0
2021-08,Pintado 2 UNI,0021-UNIVERSAL PRIMER,1161.5,8688.02
2021-08,Pintado 2 UNI,0023-CLEAR EPOXICO P/ESPUMA,1295.0,6034.7
2021-08,Pintado 2 UNI,0028-CLEAR P/ESPUMA,6553.267,29554.87
2021-08,Pintado 2 UNI,0038-PRIMER 917,497.75,3449.4
2021-08,Pintado 2 UNI,0079-BECKRYPRIM 246,2925.0,19217.25
2021-08,Pintado 2 UNI,0102-BLANCO STD,7375.0,45135.0
2021-08,Pintado 2 UNI,0104-BLANCO SUPERMATIC,6356.75,41067.75
2021-08,Pintado 2 UNI,0400-GRIS FONDO,3074.25,17679.25
2021-08,Pintado 2 UNI,0404-GRIS FONDO MC,3097.0,17343.2
2021-08,Pintado 2 UNI,0435-APOLLO GRAY KRYSTAL KOTE,2585.0,27581.95
2021-08,Pintado 2 UNI,0601-VERDE PRIMSA,5070.0,19333.9
2021-09,Pintado 1 UNI,0021-UNIVERSAL PRIMER,567.75,4246.7699999999995
2021-09,Pintado 1 UNI,0023-CLEAR EPOXICO P/ESPUMA,2262.75,10926.87
2021-09,Pintado 1 UNI,0028-CLEAR P/ESPUMA,7810.0,37525.7
2021-09,Pintado 1 UNI,0038-PRIMER 917,2409.25,16696.07
2021-09,Pintado 1 UNI,0079-BECKRYPRIM 246,3020.0,19841.4
2021-09,Pintado 1 UNI,0102-BLANCO STD,2502.0,15312.24
2021-09,Pintado 1 UNI,0400-GRIS FONDO,4405.25,22274.17
2021-09,Pintado 1 UNI,0404-GRIS FONDO MC,440.0,2464.0
2021-09,Pintado 1 UNI,0435-APOLLO GRAY KRYSTAL KOTE,7260.0,26034.467831983788
2021-09,Pintado 1 UNI,0601-VERDE PRIMSA,9690.0,36966.5
2021-09,Pintado 2 UNI,0021-UNIVERSAL PRIMER,4298.121785575488,26034.467831983788
2021-09,Pintado 2 UNI,0023-CLEAR EPOXICO P/ESPUMA,1313.497,6406.6900000000005
2021-09,Pintado 2 UNI,0028-CLEAR P/ESPUMA,3150.0,15885.6
2021-09,Pintado 2 UNI,0038-PRIMER 917,478.5,3316.0
2021-09,Pintado 2 UNI,0079-BECKRYPRIM 246,845.0,5551.65
2021-09,Pintado 2 UNI,0102-BLANCO STD,1438.0,8800.56
2021-09,Pintado 2 UNI,0104-BLANCO SUPERMATIC,2716.75,16968.55
2021-09,Pintado 2 UNI,0400-GRIS FONDO,929.25,5321.45
2021-09,Pintado 2 UNI,0404-GRIS FONDO MC,490.0,2744.0
2021-09,Pintado 2 UNI,0601-VERDE PRIMSA,1695.0,6382.05
2021-10,Pintado 1 UNI,0021-UNIVERSAL PRIMER,1373.75,10275.65
2021-10,Pintado 1 UNI,0023-CLEAR EPOXICO P/ESPUMA,9230.653,44279.770000000004
2021-10,Pintado 1 UNI,0028-CLEAR P/ESPUMA,3680.0,18357.1
2021-10,Pintado 1 UNI,0038-PRIMER 917,1511.25,10472.95
2021-10,Pintado 1 UNI,0079-BECKRYPRIM 246,8890.0,58407.3
2021-10,Pintado 1 UNI,0102-BLANCO STD,9190.5,54031.3
2021-10,Pintado 1 UNI,0400-GRIS FONDO,5295.0,30547.72
2021-10,Pintado 1 UNI,0404-GRIS FONDO MC,1875.0,10500.0
2021-10,Pintado 1 UNI,0435-APOLLO GRAY KRYSTAL KOTE,2395.0,25554.65
2021-10,Pintado 1 UNI,0601-VERDE PRIMSA,4990.0,18759.05
2021-10,Pintado 2 UNI,0021-UNIVERSAL PRIMER,1932.0,14451.36
2021-10,Pintado 2 UNI,0023-CLEAR EPOXICO P/ESPUMA,2618.5,12621.24
2021-10,Pintado 2 UNI,0028-CLEAR P/ESPUMA,4600.0,23414.0
2021-10,Pintado 2 UNI,0038-PRIMER 917,378.5,2623.0
2021-10,Pintado 2 UNI,0079-BECKRYPRIM 246,1480.0,9723.6
2021-10,Pintado 2 UNI,0102-BLANCO STD,2263.25,12860.93
2021-10,Pintado 2 UNI,0104-BLANCO SUPERMATIC,1400.5,8617.949999999999
2021-10,Pintado 2 UNI,0400-GRIS FONDO,445.0,2581.0
2021-10,Pintado 2 UNI,0601-VERDE PRIMSA,2220.0,8429.8
2021-11,Pintado 1 UNI,0021-UNIVERSAL PRIMER,232.0,1735.3600000000001
2021-11,Pintado 1 UNI,0023-CLEAR EPOXICO P/ESPUMA,712.732,3400.98
2021-11,Pintado 1 UNI,0028-CLEAR P/ESPUMA,3325.0,14844.95
2021-11,Pintado 1 UNI,0038-PRIMER 917,450.75,3123.69
2021-11,Pintado 1 UNI,0079-BECKRYPRIM 246,1245.0,8179.650000000001
2021-11,Pintado 1 UNI,0400-GRIS FONDO,1610.0,7663.6
2021-11,Pintado 1 UNI,0404-GRIS FONDO MC,282.0,1579.2
2021-11,Pintado 1 UNI,0435-APOLLO GRAY KRYSTAL KOTE,4485.0,47854.95
2021-11,Pintado 1 UNI,0601-VERDE PRIMSA,1042.0,4022.12
2021-11,Pintado 2 UNI,0021-UNIVERSAL PRIMER,11084.0,26034.467831983788
2021-11,Pintado 2 UNI,0023-CLEAR EPOXICO P/ESPUMA,1610.164,7689.01
2021-11,Pintado 2 UNI,0028-CLEAR P/ESPUMA,1120.0,5465.9
2021-11,Pintado 2 UNI,0038-PRIMER 917,38.0,263.34
2021-11,Pintado 2 UNI,0079-BECKRYPRIM 246,1275.0,8376.75
2021-11,Pintado 2 UNI,0102-BLANCO STD,3720.0,22766.4
2021-11,Pintado 2 UNI,0104-BLANCO SUPERMATIC,900.0,5940.0
2021-11,Pintado 2 UNI,0400-GRIS FONDO,842.0,4223.2
2021-11,Pintado 2 UNI,0404-GRIS FONDO MC,310.0,1736.0
2021-11,Pintado 2 UNI,0435-APOLLO GRAY KRYSTAL KOTE,680.0,7255.6
2021-11,Pintado 2 UNI,0601-VERDE PRIMSA,3953.0,15258.58
2021-12,Pintado 1 UNI,0021-UNIVERSAL PRIMER,69.25,517.99
2021-12,Pintado 1 UNI,0023-CLEAR EPOXICO P/ESPUMA,338.5,1631.58
2021-12,Pintado 1 UNI,0028-CLEAR P/ESPUMA,815.0,4148.35
2021-12,Pintado 1 UNI,0038-PRIMER 917,346.25,2399.51
2021-12,Pintado 1 UNI,0079-BECKRYPRIM 246,1940.0,12745.8
2021-12,Pintado 1 UNI,0400-GRIS FONDO,985.0,5624.6
2021-12,Pintado 1 UNI,0404-GRIS FONDO MC,93.0,520.8
2021-12,Pintado 1 UNI,0435-APOLLO GRAY KRYSTAL KOTE,1275.0,13604.25
2021-12,Pintado 1 UNI,0601-VERDE PRIMSA,870.0,3358.2
2021-12,Pintado 2 UNI,0021-UNIVERSAL PRIMER,4530.75,33890.01
2021-12,Pintado 2 UNI,0023-CLEAR EPOXICO P/ESPUMA,570.0,2656.2000000000003
2021-12,Pintado 2 UNI,0028-CLEAR P/ESPUMA,2805.0,13751.1
2021-12,Pintado 2 UNI,0038-PRIMER 917,50.25,348.23
2021-12,Pintado 2 UNI,0079-BECKRYPRIM 246,410.0,2693.7
2021-12,Pintado 2 UNI,0102-BLANCO STD,1500.0,9180.0
2021-12,Pintado 2 UNI,0104-BLANCO SUPERMATIC,2100.0,13907.0
2021-12,Pintado 2 UNI,0400-GRIS FONDO,1263.0,6625.48
2021-12,Pintado 2 UNI,0404-GRIS FONDO MC,160.0,896.0
2021-12,Pintado 2 UNI,0435-APOLLO GRAY KRYSTAL KOTE,2640.0,28168.8
2021-12,Pintado 2 UNI,0601-VERDE PRIMSA,3900.0,15054.0
2022-01,Pintado 1 UNI,0021-UNIVERSAL PRIMER,473.5,3555.98
2022-01,Pintado 1 UNI,0023-CLEAR EPOXICO P/ESPUMA,1589.25,7628.4
2022-01,Pintado 1 UNI,0028-CLEAR P/ESPUMA,2525.0,15251.0
2022-01,Pintado 1 UNI,0038-PRIMER 917,468.5,3363.84
2022-01,Pintado 1 UNI,0079-BECKRYPRIM 246,4650.0,32178.0
2022-01,Pintado 1 UNI,0400-GRIS FONDO,1960.0,11270.0
2022-01,Pintado 1 UNI,0404-GRIS FONDO MC,640.0,3724.8
2022-01,Pintado 1 UNI,0435-APOLLO GRAY KRYSTAL KOTE,3391.0,38725.22
2022-01,Pintado 1 UNI,0601-VERDE PRIMSA,1700.0,6868.0
2022-01,Pintado 2 UNI,0021-UNIVERSAL PRIMER,2995.5,22496.22
2022-01,Pintado 2 UNI,0023-CLEAR EPOXICO P/ESPUMA,2942.75,14125.199999999999
2022-01,Pintado 2 UNI,0028-CLEAR P/ESPUMA,3260.0,19513.55
2022-01,Pintado 2 UNI,0079-BECKRYPRIM 246,2925.0,20241.0
2022-01,Pintado 2 UNI,0102-BLANCO STD,3270.0,20175.9
2022-01,Pintado 2 UNI,0104-BLANCO SUPERMATIC,4292.25,26056.06
2022-01,Pintado 2 UNI,0400-GRIS FONDO,1180.0,6785.0
2022-01,Pintado 2 UNI,0601-VERDE PRIMSA,3800.0,15352.0
2022-02,Pintado 1 UNI,0021-UNIVERSAL PRIMER,441.0,3311.91
2022-02,Pintado 1 UNI,0023-CLEAR EPOXICO P/ESPUMA,2162.75,10353.199999999999
2022-02,Pintado 1 UNI,0028-CLEAR P/ESPUMA,6045.0,36511.8
2022-02,Pintado 1 UNI,0038-PRIMER 917,7255.0,52091.1
2022-02,Pintado 1 UNI,0079-BECKRYPRIM 246,6715.0,46467.8
2022-02,Pintado 1 UNI,0102-BLANCO STD,3000.0,18510.0
2022-02,Pintado 1 UNI,0400-GRIS FONDO,5030.0,28873.0
2022-02,Pintado 1 UNI,0404-GRIS FONDO MC,80.0,465.6
2022-02,Pintado 1 UNI,0435-APOLLO GRAY KRYSTAL KOTE,2290.0,26151.8
2022-02,Pintado 1 UNI,0601-VERDE PRIMSA,8070.0,32602.8
2022-02,Pintado 2 UNI,0021-UNIVERSAL PRIMER,5721.75,42970.42
2022-02,Pintado 2 UNI,0023-CLEAR EPOXICO P/ESPUMA,1898.0,9110.4
2022-02,Pintado 2 UNI,0028-CLEAR P/ESPUMA,3830.0,23133.2
2022-02,Pintado 2 UNI,0079-BECKRYPRIM 246,4785.0,33112.2
2022-02,Pintado 2 UNI,0102-BLANCO STD,5100.0,31467.0
2022-02,Pintado 2 UNI,0104-BLANCO SUPERMATIC,4557.798,27904.63
2022-02,Pintado 2 UNI,0400-GRIS FONDO,3075.0,17681.25
2022-02,Pintado 2 UNI,0435-APOLLO GRAY KRYSTAL KOTE,1795.0,20498.9
2022-02,Pintado 2 UNI,0601-VERDE PRIMSA,8650.0,34946.0
2022-03,Pintado 1 UNI,0021-UNIVERSAL PRIMER,307.25,2307.45
2022-03,Pintado 1 UNI,0023-CLEAR EPOXICO P/ESPUMA,881.0,4228.8
2022-03,Pintado 1 UNI,0028-CLEAR P/ESPUMA,4765.0,28780.6
2022-03,Pintado 1 UNI,0038-PRIMER 917,1235.75,8872.71
2022-03,Pintado 1 UNI,0079-BECKRYPRIM 246,3790.0,26226.8
2022-03,Pintado 1 UNI,0102-BLANCO STD,1820.0,11229.4
2022-03,Pintado 1 UNI,0400-GRIS FONDO,2640.0,15180.0
2022-03,Pintado 1 UNI,0404-GRIS FONDO MC,250.0,1455.0
2022-03,Pintado 1 UNI,0435-APOLLO GRAY KRYSTAL KOTE,3665.0,41854.3
2022-03,Pintado 1 UNI,0601-VERDE PRIMSA,4255.0,17190.2
2022-03,Pintado 2 UNI,0021-UNIVERSAL PRIMER,7171.0,53854.31
2022-03,Pintado 2 UNI,0023-CLEAR EPOXICO P/ESPUMA,1810.75,8691.6
2022-03,Pintado 2 UNI,0028-CLEAR P/ESPUMA,5205.0,31176.2
2022-03,Pintado 2 UNI,0079-BECKRYPRIM 246,4020.0,27818.4
2022-03,Pintado 2 UNI,0102-BLANCO STD,6170.0,38068.9
2022-03,Pintado 2 UNI,0104-BLANCO SUPERMATIC,5553.25,33597.090000000004
2022-03,Pintado 2 UNI,0400-GRIS FONDO,2140.0,12305.0
2022-03,Pintado 2 UNI,0404-GRIS FONDO MC,1275.0,7420.5
2022-03,Pintado 2 UNI,0435-APOLLO GRAY KRYSTAL KOTE,100.0,1142.0
2022-03,Pintado 2 UNI,0601-VERDE PRIMSA,8385.0,33875.4
2022-04,Pintado 1 UNI,0021-UNIVERSAL PRIMER,1144.0,8591.45
2022-04,Pintado 1 UNI,0023-CLEAR EPOXICO P/ESPUMA,1101.5,5287.2
2022-04,Pintado 1 UNI,0028-CLEAR P/ESPUMA,2715.0,16398.6
2022-04,Pintado 1 UNI,0038-PRIMER 917,395.5,2839.69
2022-04,Pintado 1 UNI,0079-BECKRYPRIM 246,6670.0,46156.4
2022-04,Pintado 1 UNI,0102-BLANCO STD,4210.0,25975.7
2022-04,Pintado 1 UNI,0400-GRIS FONDO,4175.0,24006.25
2022-04,Pintado 1 UNI,0404-GRIS FONDO MC,185.0,1076.7
2022-04,Pintado 1 UNI,0435-APOLLO GRAY KRYSTAL KOTE,2675.0,30548.5
2022-04,Pintado 1 UNI,0601-VERDE PRIMSA,6767.0,27247.68
2022-04,Pintado 2 UNI,0021-UNIVERSAL PRIMER,5029.5,37771.61
2022-04,Pintado 2 UNI,0023-CLEAR EPOXICO P/ESPUMA,981.25,4710.0
2022-04,Pintado 2 UNI,0028-CLEAR P/ESPUMA,1755.0,10600.199999999999
2022-04,Pintado 2 UNI,0079-BECKRYPRIM 246,6290.0,43526.8
2022-04,Pintado 2 UNI,0102-BLANCO STD,9640.0,59478.8
2022-04,Pintado 2 UNI,0104-BLANCO SUPERMATIC,2460.0,14882.970000000001
2022-04,Pintado 2 UNI,0400-GRIS FONDO,5170.0,29727.5
2022-04,Pintado 2 UNI,0404-GRIS FONDO MC,665.0,3870.3
2022-04,Pintado 2 UNI,0601-VERDE PRIMSA,10813.0,42995.02
2022-05,Pintado 1 UNI,0021-UNIVERSAL PRIMER,451.75,3392.65
2022-05,Pintado 1 UNI,0023-CLEAR EPOXICO P/ESPUMA,299.75,1438.8
2022-05,Pintado 1 UNI,0028-CLEAR P/ESPUMA,2355.0,14093.2
2022-05,Pintado 1 UNI,0038-PRIMER 917,5065.75,36372.22
2022-05,Pintado 1 UNI,0079-BECKRYPRIM 246,5475.0,37887.0
2022-05,Pintado 1 UNI,0400-GRIS FONDO,860.0,4945.0
2022-05,Pintado 1 UNI,0404-GRIS FONDO MC,665.0,3870.3
2022-05,Pintado 1 UNI,0435-APOLLO GRAY KRYSTAL KOTE,3427.0,39136.34
2022-05,Pintado 1 UNI,0601-VERDE PRIMSA,2270.0,9121.8
2022-05,Pintado 2 UNI,0021-UNIVERSAL PRIMER,2207.0,16574.6
2022-05,Pintado 2 UNI,0023-CLEAR EPOXICO P/ESPUMA,721.75,3464.4
2022-05,Pintado 2 UNI,0028-CLEAR P/ESPUMA,3182.5,15382.1
2022-05,Pintado 2 UNI,0038-PRIMER 917,29.0,208.22
2022-05,Pintado 2 UNI,0079-BECKRYPRIM 246,11075.0,26034.467831983788
2022-05,Pintado 2 UNI,0102-BLANCO STD,4298.121785575488,26034.467831983788
2022-05,Pintado 2 UNI,0104-BLANCO SUPERMATIC,537.5,3251.87
2022-05,Pintado 2 UNI,0400-GRIS FONDO,8360.0,48070.0
2022-05,Pintado 2 UNI,0404-GRIS FONDO MC,2746.0,15981.72
2022-05,Pintado 2 UNI,0435-APOLLO GRAY KRYSTAL KOTE,3808.0,43487.36
2022-05,Pintado 2 UNI,0601-VERDE PRIMSA,10863.0,43024.47
2022-06,Pintado 1 UNI,0021-UNIVERSAL PRIMER,69.0,518.19
2022-06,Pintado 1 UNI,0023-CLEAR EPOXICO P/ESPUMA,996.5,4783.2
2022-06,Pintado 1 UNI,0028-CLEAR P/ESPUMA,1587.5,7298.5599999999995
2022-06,Pintado 1 UNI,0038-PRIMER 917,4298.121785575488,26034.467831983788
2022-06,Pintado 1 UNI,0079-BECKRYPRIM 246,4810.0,33285.2
2022-06,Pintado 1 UNI,0102-BLANCO STD,3550.0,21903.5
2022-06,Pintado 1 UNI,0400-GRIS FONDO,3105.0,17853.75
2022-06,Pintado 1 UNI,0601-VERDE PRIMSA,470.0,1898.8
2022-06,Pintado 2 UNI,0021-UNIVERSAL PRIMER,2955.5,22195.84
2022-06,Pintado 2 UNI,0023-CLEAR EPOXICO P/ESPUMA,1890.25,9073.2
2022-06,Pintado 2 UNI,0028-CLEAR P/ESPUMA,7295.75,31813.2
2022-06,Pintado 2 UNI,0038-PRIMER 917,1921.5,13796.42
2022-06,Pintado 2 UNI,0079-BECKRYPRIM 246,6460.001,44703.21
2022-06,Pintado 2 UNI,0102-BLANCO STD,4298.121785575488,26034.467831983788
2022-06,Pintado 2 UNI,0104-BLANCO SUPERMATIC,3804.368,23016.37
2022-06,Pintado 2 UNI,0400-GRIS FONDO,8883.75,51111.1
2022-06,Pintado 2 UNI,0404-GRIS FONDO MC,265.0,1542.3
2022-06,Pintado 2 UNI,0435-APOLLO GRAY KRYSTAL KOTE,5170.0,59041.4
2022-06,Pintado 2 UNI,0601-VERDE PRIMSA,8057.0,31896.83
2022-07,Pintado 1 UNI,0023-CLEAR EPOXICO P/ESPUMA,1186.75,6384.73
2022-07,Pintado 1 UNI,0028-CLEAR P/ESPUMA,3328.5,15982.9
2022-07,Pintado 1 UNI,0038-PRIMER 917,6344.25,51007.77
2022-07,Pintado 1 UNI,0079-BECKRYPRIM 246,9301.999,26034.467831983788
2022-07,Pintado 1 UNI,0102-BLANCO STD,4831.0,34676.020000000004
2022-07,Pintado 1 UNI,0400-GRIS FONDO,4483.75,28888.38
2022-07,Pintado 1 UNI,0404-GRIS FONDO MC,415.0,2705.8
2022-07,Pintado 1 UNI,0435-APOLLO GRAY KRYSTAL KOTE,3150.0,40288.5
2022-07,Pintado 1 UNI,0601-VERDE PRIMSA,6128.0,26993.09
2022-07,Pintado 2 UNI,0021-UNIVERSAL PRIMER,4550.75,38271.75
2022-07,Pintado 2 UNI,0023-CLEAR EPOXICO P/ESPUMA,2002.05,10771.08
2022-07,Pintado 2 UNI,0028-CLEAR P/ESPUMA,2570.75,12262.48
2022-07,Pintado 2 UNI,0038-PRIMER 917,897.25,7213.889999999999
2022-07,Pintado 2 UNI,0079-BECKRYPRIM 246,5323.0,41253.25
2022-07,Pintado 2 UNI,0102-BLANCO STD,7646.0,53349.92
2022-07,Pintado 2 UNI,0104-BLANCO SUPERMATIC,1450.0,9831.029999999999
2022-07,Pintado 2 UNI,0400-GRIS FONDO,5127.0,33039.62
2022-07,Pintado 2 UNI,0404-GRIS FONDO MC,3436.0,22402.72
2022-07,Pintado 2 UNI,0435-APOLLO GRAY KRYSTAL KOTE,1080.0,13813.2
2022-07,Pintado 2 UNI,0601-VERDE PRIMSA,7948.0,33606.31
2022-08,Pintado 1 UNI,0021-UNIVERSAL PRIMER,89.5,752.69
2022-08,Pintado 1 UNI,0023-CLEAR EPOXICO P/ESPUMA,2565.25,13801.11
2022-08,Pintado 1 UNI,0028-CLEAR P/ESPUMA,4988.185,23793.57
2022-08,Pintado 1 UNI,0038-PRIMER 917,7573.25,60888.93
2022-08,Pintado 1 UNI,0079-BECKRYPRIM 246,4298.121785575488,26034.467831983788
2022-08,Pintado 1 UNI,0102-BLANCO STD,4298.121785575488,26034.467831983788
2022-08,Pintado 1 UNI,0400-GRIS FONDO,11344.0,26034.467831983788
2022-08,Pintado 1 UNI,0404-GRIS FONDO MC,865.0,5639.8
2022-08,Pintado 1 UNI,0435-APOLLO GRAY KRYSTAL KOTE,4306.0,55073.74
2022-08,Pintado 1 UNI,0601-VERDE PRIMSA,8572.0,38745.44
2022-08,Pintado 2 UNI,0021-UNIVERSAL PRIMER,5580.0,46927.729999999996
2022-08,Pintado 2 UNI,0023-CLEAR EPOXICO P/ESPUMA,1736.0,9339.72
2022-08,Pintado 2 UNI,0028-CLEAR P/ESPUMA,4819.0,22986.57
2022-08,Pintado 2 UNI,0038-PRIMER 917,5036.25,40491.45
2022-08,Pintado 2 UNI,0079-BECKRYPRIM 246,1890.0,14647.5
2022-08,Pintado 2 UNI,0102-BLANCO STD,4298.121785575488,26034.467831983788
2022-08,Pintado 2 UNI,0104-BLANCO SUPERMATIC,1837.25,12456.599999999999
2022-08,Pintado 2 UNI,0400-GRIS FONDO,7516.52,48469.840000000004
2022-08,Pintado 2 UNI,0404-GRIS FONDO MC,1210.0,7889.2
2022-08,Pintado 2 UNI,0601-VERDE PRIMSA,7370.0,33312.4
2022-09,Pintado 1 UNI,0021-UNIVERSAL PRIMER,258.25,2171.88
2022-09,Pintado 1 UNI,0023-CLEAR EPOXICO P/ESPUMA,3024.325,16270.95
2022-09,Pintado 1 UNI,0028-CLEAR P/ESPUMA,4288.0,20453.7
2022-09,Pintado 1 UNI,0038-PRIMER 917,4061.25,32652.45
2022-09,Pintado 1 UNI,0079-BECKRYPRIM 246,4298.121785575488,26034.467831983788
2022-09,Pintado 1 UNI,0102-BLANCO STD,7970.0,55072.7
2022-09,Pintado 1 UNI,0400-GRIS FONDO,10382.5,66903.12
2022-09,Pintado 1 UNI,0404-GRIS FONDO MC,280.0,1637.6
2022-09,Pintado 1 UNI,0435-APOLLO GRAY KRYSTAL KOTE,895.0,11447.05
2022-09,Pintado 1 UNI,0601-VERDE PRIMSA,2740.0,12384.8
2022-09,Pintado 2 UNI,0021-UNIVERSAL PRIMER,2646.75,22259.13
2022-09,Pintado 2 UNI,0023-CLEAR EPOXICO P/ESPUMA,901.25,4848.75
2022-09,Pintado 2 UNI,0028-CLEAR P/ESPUMA,2013.0,9601.99
2022-09,Pintado 2 UNI,0038-PRIMER 917,2029.75,16319.189999999999
2022-09,Pintado 2 UNI,0079-BECKRYPRIM 246,1400.0,10850.0
2022-09,Pintado 2 UNI,0102-BLANCO STD,5713.25,42963.64
2022-09,Pintado 2 UNI,0104-BLANCO SUPERMATIC,623.0,4223.96
2022-09,Pintado 2 UNI,0400-GRIS FONDO,2620.143,16893.3
2022-09,Pintado 2 UNI,0601-VERDE PRIMSA,7490.0,33854.8
2022-10,Pintado 1 UNI,0021-UNIVERSAL PRIMER,54.0,454.14
2022-10,Pintado 1 UNI,0023-CLEAR EPOXICO P/ESPUMA,1374.75,7396.19
2022-10,Pintado 1 UNI,0028-CLEAR P/ESPUMA,9089.25,43355.61
2022-10,Pintado 1 UNI,0038-PRIMER 917,4213.5,33876.54
2022-10,Pintado 1 UNI,0079-BECKRYPRIM 246,12255.0,26034.467831983788
2022-10,Pintado 1 UNI,0102-BLANCO STD,6824.5,48486.79
2022-10,Pintado 1 UNI,0400-GRIS FONDO,5941.75,38294.950000000004
2022-10,Pintado 1 UNI,0404-GRIS FONDO MC,1625.0,10595.0
2022-10,Pintado 1 UNI,0435-APOLLO GRAY KRYSTAL KOTE,6162.0,26034.467831983788
2022-10,Pintado 1 UNI,0601-VERDE PRIMSA,5560.0,25131.2
2022-10,Pintado 2 UNI,0021-UNIVERSAL PRIMER,3746.0,31503.809999999998
2022-10,Pintado 2 UNI,0023-CLEAR EPOXICO P/ESPUMA,1592.5,8567.68
2022-10,Pintado 2 UNI,0028-CLEAR P/ESPUMA,3225.65,15386.31
2022-10,Pintado 2 UNI,0038-PRIMER 917,3131.25,25175.25
2022-10,Pintado 2 UNI,0102-BLANCO STD,8936.0,67198.72
2022-10,Pintado 2 UNI,0104-BLANCO SUPERMATIC,1822.75,12358.27
2022-10,Pintado 2 UNI,0400-GRIS FONDO,4219.75,27217.34
2022-10,Pintado 2 UNI,0404-GRIS FONDO MC,645.0,4205.4
2022-10,Pintado 2 UNI,0601-VERDE PRIMSA,8215.0,37131.8
2022-10,Pintado 2 UNI,0021-UNIVERSAL PRIMER,189.25,1591.59
2022-10,Pintado 2 UNI,0601-VERDE PRIMSA,80.0,361.6
2022-11,Pintado 1 UNI,0021-UNIVERSAL PRIMER,412.25,3467.02
2022-11,Pintado 1 UNI,0023-CLEAR EPOXICO P/ESPUMA,3095.73,16655.1
2022-11,Pintado 1 UNI,0028-CLEAR P/ESPUMA,6852.5,32686.33
2022-11,Pintado 1 UNI,0038-PRIMER 917,1719.5,13824.78
2022-11,Pintado 1 UNI,0079-BECKRYPRIM 246,12010.0,26034.467831983788
2022-11,Pintado 1 UNI,0102-BLANCO STD,9005.5,62935.91
2022-11,Pintado 1 UNI,0400-GRIS FONDO,7762.5,44380.270000000004
2022-11,Pintado 1 UNI,0404-GRIS FONDO MC,875.0,5705.0
2022-11,Pintado 1 UNI,0435-APOLLO GRAY KRYSTAL KOTE,4220.0,53973.8
2022-11,Pintado 1 UNI,0601-VERDE PRIMSA,9195.0,41561.4
2022-11,Pintado 2 UNI,0021-UNIVERSAL PRIMER,3807.25,32018.92
2022-11,Pintado 2 UNI,0023-CLEAR EPOXICO P/ESPUMA,418.5,2251.54
2022-11,Pintado 2 UNI,0028-CLEAR P/ESPUMA,2921.25,13934.32
2022-11,Pintado 2 UNI,0038-PRIMER 917,950.75,7644.03
2022-11,Pintado 2 UNI,0079-BECKRYPRIM 246,180.0,1395.0
2022-11,Pintado 2 UNI,0102-BLANCO STD,3321.085,24974.56
2022-11,Pintado 2 UNI,0104-BLANCO SUPERMATIC,3197.75,21680.82
2022-11,Pintado 2 UNI,0400-GRIS FONDO,2503.75,12803.58
2022-11,Pintado 2 UNI,0404-GRIS FONDO MC,1285.0,8378.2
2022-11,Pintado 2 UNI,0601-VERDE PRIMSA,5170.0,23368.4
2022-12,Pintado 1 UNI,0021-UNIVERSAL PRIMER,10.0,84.1
2022-12,Pintado 1 UNI,0028-CLEAR P/ESPUMA,2460.25,11735.36
2022-12,Pintado 1 UNI,0435-APOLLO GRAY KRYSTAL KOTE,800.0,10232.0
2022-12,Pintado 1 UNI,0601-VERDE PRIMSA,1145.0,5175.4
2022-12,Pintado 2 UNI,0021-UNIVERSAL PRIMER,7900.5,66443.09999999999
2022-12,Pintado 2 UNI,0023-CLEAR EPOXICO P/ESPUMA,1006.5,5415.0
2022-12,Pintado 2 UNI,0028-CLEAR P/ESPUMA,1514.0,7221.77
2022-12,Pintado 2 UNI,0038-PRIMER 917,3394.0,27287.76
2022-12,Pintado 2 UNI,0079-BECKRYPRIM 246,1055.0,8176.25
2022-12,Pintado 2 UNI,0102-BLANCO STD,4298.121785575488,26034.467831983788
2022-12,Pintado 2 UNI,0104-BLANCO SUPERMATIC,866.25,5873.2
2022-12,Pintado 2 UNI,0400-GRIS FONDO,5417.5,32101.63
2022-12,Pintado 2 UNI,0404-GRIS FONDO MC,2710.0,17669.2
2022-12,Pintado 2 UNI,0435-APOLLO GRAY KRYSTAL KOTE,2000.0,25580.0
2022-12,Pintado 2 UNI,0601-VERDE PRIMSA,7315.0,33063.8
2023-01,Pintado 1 UNI,0021-UNIVERSAL PRIMER,157.5,1323.0
2023-01,Pintado 1 UNI,0023-CLEAR EPOXICO P/ESPUMA,4297.565,25398.63
2023-01,Pintado 1 UNI,0028-CLEAR P/ESPUMA,7018.25,36845.72
2023-01,Pintado 1 UNI,0038-PRIMER 917,1816.25,14584.49
2023-01,Pintado 1 UNI,0079-BECKRYPRIM 246,12370.0,26034.467831983788
2023-01,Pintado 1 UNI,0102-BLANCO STD,1755.0,11425.05
2023-01,Pintado 1 UNI,0400-GRIS FONDO,2816.0,17449.6
2023-01,Pintado 1 UNI,0404-GRIS FONDO MC,4697.0,32409.3
2023-01,Pintado 1 UNI,0435-APOLLO GRAY KRYSTAL KOTE,9156.0,26034.467831983788
2023-01,Pintado 1 UNI,0601-VERDE PRIMSA,5180.0,23258.2
2023-01,Pintado 2 UNI,0021-UNIVERSAL PRIMER,6703.75,56311.5
2023-01,Pintado 2 UNI,0023-CLEAR EPOXICO P/ESPUMA,814.085,4811.25
2023-01,Pintado 2 UNI,0028-CLEAR P/ESPUMA,3386.715,17780.25
2023-01,Pintado 2 UNI,0038-PRIMER 917,2336.0,18758.07
2023-01,Pintado 2 UNI,0079-BECKRYPRIM 246,830.0,6258.2
2023-01,Pintado 2 UNI,0102-BLANCO STD,8283.5,51842.58
2023-01,Pintado 2 UNI,0104-BLANCO SUPERMATIC,3808.83,25862.0
2023-01,Pintado 2 UNI,0400-GRIS FONDO,4798.19,28833.18
2023-01,Pintado 2 UNI,0404-GRIS FONDO MC,1670.0,11523.0
2023-01,Pintado 2 UNI,0601-VERDE PRIMSA,8370.0,37581.3
2023-02,Pintado 1 UNI,0023-CLEAR EPOXICO P/ESPUMA,297.5,1758.23
2023-02,Pintado 1 UNI,0028-CLEAR P/ESPUMA,4989.25,26193.5
2023-02,Pintado 1 UNI,0038-PRIMER 917,989.0,7941.68
2023-02,Pintado 1 UNI,0079-BECKRYPRIM 246,6715.0,50631.1
2023-02,Pintado 1 UNI,0102-BLANCO STD,1700.0,10404.0
2023-02,Pintado 1 UNI,0400-GRIS FONDO,2205.0,13734.9
2023-02,Pintado 1 UNI,0404-GRIS FONDO MC,1295.0,8935.5
2023-02,Pintado 1 UNI,0435-APOLLO GRAY KRYSTAL KOTE,3987.0,50076.72
2023-02,Pintado 1 UNI,0601-VERDE PRIMSA,3530.0,15849.7
2023-02,Pintado 2 UNI,0021-UNIVERSAL PRIMER,4154.5,34897.8
2023-02,Pintado 2 UNI,0023-CLEAR EPOXICO P/ESPUMA,1366.0,8073.08
2023-02,Pintado 2 UNI,0028-CLEAR P/ESPUMA,3231.34,16964.489999999998
2023-02,Pintado 2 UNI,0102-BLANCO STD,6820.0,40920.0
2023-02,Pintado 2 UNI,0104-BLANCO SUPERMATIC,2749.5,18669.14
2023-02,Pintado 2 UNI,0400-GRIS FONDO,3259.0,18837.02
2023-02,Pintado 2 UNI,0404-GRIS FONDO MC,950.0,6555.0
2023-02,Pintado 2 UNI,0601-VERDE PRIMSA,3710.0,16657.9
2023-03,Pintado 1 UNI,0021-UNIVERSAL PRIMER,83.5,701.4
2023-03,Pintado 1 UNI,0023-CLEAR EPOXICO P/ESPUMA,138.0,815.58
2023-03,Pintado 1 UNI,0028-CLEAR P/ESPUMA,8424.0,44225.89
2023-03,Pintado 1 UNI,0038-PRIMER 917,823.5,6612.719999999999
2023-03,Pintado 1 UNI,0079-BECKRYPRIM 246,3975.0,29971.5
2023-03,Pintado 1 UNI,0102-BLANCO STD,1480.0,9132.45
2023-03,Pintado 1 UNI,0400-GRIS FONDO,1685.0,10473.7
2023-03,Pintado 1 UNI,0404-GRIS FONDO MC,1125.0,7762.5
2023-03,Pintado 1 UNI,0435-APOLLO GRAY KRYSTAL KOTE,11134.0,26034.467831983788
2023-03,Pintado 1 UNI,0601-VERDE PRIMSA,1582.0,7103.18
2023-03,Pintado 2 UNI,0021-UNIVERSAL PRIMER,2763.25,23211.3
2023-03,Pintado 2 UNI,0023-CLEAR EPOXICO P/ESPUMA,631.75,3733.65
2023-03,Pintado 2 UNI,0028-CLEAR P/ESPUMA,5133.61,26951.39
2023-03,Pintado 2 UNI,0079-BECKRYPRIM 246,50.0,377.0
2023-03,Pintado 2 UNI,0102-BLANCO STD,4298.121785575488,26034.467831983788
2023-03,Pintado 2 UNI,0104-BLANCO SUPERMATIC,3506.5,23809.18
2023-03,Pintado 2 UNI,0400-GRIS FONDO,8220.0,47540.4
2023-03,Pintado 2 UNI,0404-GRIS FONDO MC,30.0,207.0
2023-03,Pintado 2 UNI,0601-VERDE PRIMSA,4108.0,18444.92
2023-04,Pintado 1 UNI,0021-UNIVERSAL PRIMER,24.0,201.6
2023-04,Pintado 1 UNI,0023-CLEAR EPOXICO P/ESPUMA,3284.25,19409.96
2023-04,Pintado 1 UNI,0028-CLEAR P/ESPUMA,6526.825,34265.74
2023-04,Pintado 1 UNI,0038-PRIMER 917,816.25,6554.5
2023-04,Pintado 1 UNI,0079-BECKRYPRIM 246,4840.0,36493.6
2023-04,Pintado 1 UNI,0102-BLANCO STD,1305.0,7830.0
2023-04,Pintado 1 UNI,0400-GRIS FONDO,1198.0,6924.44
2023-04,Pintado 1 UNI,0404-GRIS FONDO MC,1470.0,10143.0
2023-04,Pintado 1 UNI,0435-APOLLO GRAY KRYSTAL KOTE,6906.0,26034.467831983788
2023-04,Pintado 1 UNI,0601-VERDE PRIMSA,2290.0,10282.1
2023-04,Pintado 2 UNI,0021-UNIVERSAL PRIMER,2398.0,20143.2
2023-04,Pintado 2 UNI,0023-CLEAR EPOXICO P/ESPUMA,2755.835,16287.02
2023-04,Pintado 2 UNI,0028-CLEAR P/ESPUMA,4302.75,22589.379999999997
2023-04,Pintado 2 UNI,0038-PRIMER 917,456.75,3667.71
2023-04,Pintado 2 UNI,0102-BLANCO STD,8391.75,51349.74
2023-04,Pintado 2 UNI,0104-BLANCO SUPERMATIC,2307.945,15670.97
2023-04,Pintado 2 UNI,0400-GRIS FONDO,4540.0,26241.2
2023-04,Pintado 2 UNI,0404-GRIS FONDO MC,130.0,897.0
2023-04,Pintado 2 UNI,0601-VERDE PRIMSA,9495.0,42632.55
2023-05,Pintado 1 UNI,0023-CLEAR EPOXICO P/ESPUMA,9861.037,58278.86
2023-05,Pintado 1 UNI,0028-CLEAR P/ESPUMA,7679.765,40318.68
2023-05,Pintado 1 UNI,0038-PRIMER 917,3605.75,28954.22
2023-05,Pintado 1 UNI,0079-BECKRYPRIM 246,3340.0,25183.6
2023-05,Pintado 1 UNI,0102-BLANCO STD,4298.121785575488,26034.467831983788
2023-05,Pintado 1 UNI,0400-GRIS FONDO,3985.0,23033.3
2023-05,Pintado 1 UNI,0404-GRIS FONDO MC,830.0,5727.0
2023-05,Pintado 1 UNI,0435-APOLLO GRAY KRYSTAL KOTE,7081.0,26034.467831983788
2023-05,Pintado 1 UNI,0601-VERDE PRIMSA,6350.0,28511.5
2023-05,Pintado 2 UNI,0021-UNIVERSAL PRIMER,9783.0,26034.467831983788
2023-05,Pintado 2 UNI,0023-CLEAR EPOXICO P/ESPUMA,2561.5,15138.5
2023-05,Pintado 2 UNI,0028-CLEAR P/ESPUMA,6214.97,32628.51
2023-05,Pintado 2 UNI,0038-PRIMER 917,748.5,6010.46
2023-05,Pintado 2 UNI,0102-BLANCO STD,12415.5,26034.467831983788
2023-05,Pintado 2 UNI,0104-BLANCO SUPERMATIC,1947.0,13220.16
2023-05,Pintado 2 UNI,0400-GRIS FONDO,5130.0,29651.4
2023-05,Pintado 2 UNI,0404-GRIS FONDO MC,600.0,4140.0
2023-05,Pintado 2 UNI,0601-VERDE PRIMSA,4090.0,18364.1
2023-06,Pintado 1 UNI,0023-CLEAR EPOXICO P/ESPUMA,1994.25,11786.04
2023-06,Pintado 1 UNI,0028-CLEAR P/ESPUMA,6153.75,32307.109999999997
2023-06,Pintado 1 UNI,0038-PRIMER 917,501.5,4027.05
2023-06,Pintado 1 UNI,0079-BECKRYPRIM 246,1432.0,10797.28
2023-06,Pintado 1 UNI,0102-BLANCO STD,3855.5,23639.64
2023-06,Pintado 1 UNI,0400-GRIS FONDO,1760.0,10172.8
2023-06,Pintado 1 UNI,0404-GRIS FONDO MC,430.0,2967.0
2023-06,Pintado 1 UNI,0435-APOLLO GRAY KRYSTAL KOTE,5021.0,63063.76
2023-06,Pintado 1 UNI,0601-VERDE PRIMSA,3400.0,15266.0
2023-06,Pintado 2 UNI,0021-UNIVERSAL PRIMER,7191.5,60408.6
2023-06,Pintado 2 UNI,0023-CLEAR EPOXICO P/ESPUMA,4776.459,28228.94
2023-06,Pintado 2 UNI,0028-CLEAR P/ESPUMA,1000.25,5251.3
2023-06,Pintado 2 UNI,0038-PRIMER 917,567.75,4559.04
2023-06,Pintado 2 UNI,0102-BLANCO STD,4298.121785575488,26034.467831983788
2023-06,Pintado 2 UNI,0104-BLANCO SUPERMATIC,696.75,4730.94
2023-06,Pintado 2 UNI,0400-GRIS FONDO,6030.0,34853.4
2023-06,Pintado 2 UNI,0601-VERDE PRIMSA,4065.0,18251.85
2023-07,Pintado 1 UNI,0021-UNIVERSAL PRIMER,81.5,667.49
2023-07,Pintado 1 UNI,0023-CLEAR EPOXICO P/ESPUMA,1928.27,11106.84
2023-07,Pintado 1 UNI,0028-CLEAR P/ESPUMA,9432.91,48296.5
2023-07,Pintado 1 UNI,0038-PRIMER 917,617.75,4836.99
2023-07,Pintado 1 UNI,0079-BECKRYPRIM 246,4403.0,32362.05
2023-07,Pintado 1 UNI,0102-BLANCO STD,4640.0,27144.0
2023-07,Pintado 1 UNI,0400-GRIS FONDO,2880.25,16656.75
2023-07,Pintado 1 UNI,0404-GRIS FONDO MC,1300.0,8749.0
2023-07,Pintado 1 UNI,0435-APOLLO GRAY KRYSTAL KOTE,7423.0,26034.467831983788
2023-07,Pintado 1 UNI,0601-VERDE PRIMSA,1905.0,8343.9
2023-07,Pintado 2 UNI,0021-UNIVERSAL PRIMER,9254.0,26034.467831983788
2023-07,Pintado 2 UNI,0023-CLEAR EPOXICO P/ESPUMA,1498.25,8629.92
2023-07,Pintado 2 UNI,0028-CLEAR P/ESPUMA,9852.95,50447.1
2023-07,Pintado 2 UNI,0038-PRIMER 917,2021.25,15826.41
2023-07,Pintado 2 UNI,0102-BLANCO STD,4298.121785575488,26034.467831983788
2023-07,Pintado 2 UNI,0104-BLANCO SUPERMATIC,6268.542,41497.88
2023-07,Pintado 2 UNI,0400-GRIS FONDO,7301.75,42035.36
2023-07,Pintado 2 UNI,0404-GRIS FONDO MC,320.0,2153.6
2023-07,Pintado 2 UNI,0601-VERDE PRIMSA,4630.0,20279.4
2023-08,Pintado 1 UNI,0021-UNIVERSAL PRIMER,338.5,2772.32
2023-08,Pintado 1 UNI,0023-CLEAR EPOXICO P/ESPUMA,576.75,3322.08
2023-08,Pintado 1 UNI,0028-CLEAR P/ESPUMA,8036.375,41146.24
2023-08,Pintado 1 UNI,0038-PRIMER 917,2263.75,17725.2
2023-08,Pintado 1 UNI,0079-BECKRYPRIM 246,2570.0,18889.5
2023-08,Pintado 1 UNI,0102-BLANCO STD,1706.25,10414.55
2023-08,Pintado 1 UNI,0400-GRIS FONDO,3382.5,19916.75
2023-08,Pintado 1 UNI,0404-GRIS FONDO MC,950.0,6393.5
2023-08,Pintado 1 UNI,0435-APOLLO GRAY KRYSTAL KOTE,9044.0,26034.467831983788
2023-08,Pintado 1 UNI,0601-VERDE PRIMSA,4675.0,20476.5
2023-08,Pintado 2 UNI,0021-UNIVERSAL PRIMER,8120.86,66509.95
2023-08,Pintado 2 UNI,0023-CLEAR EPOXICO P/ESPUMA,1073.25,6181.92
2023-08,Pintado 2 UNI,0028-CLEAR P/ESPUMA,5862.97,30018.41
2023-08,Pintado 2 UNI,0038-PRIMER 917,1121.5,8781.36
2023-08,Pintado 2 UNI,0102-BLANCO STD,3974.25,25117.26
2023-08,Pintado 2 UNI,0104-BLANCO SUPERMATIC,2837.921,18787.11
2023-08,Pintado 2 UNI,0400-GRIS FONDO,1767.5,10693.35
2023-08,Pintado 2 UNI,0404-GRIS FONDO MC,945.0,6359.85
2023-08,Pintado 2 UNI,0601-VERDE PRIMSA,3630.0,15899.4
